"Buyer Name","Batch Number","Container weight","Date & Time"
" Beit Alal",SAN-HAY-03-066-1728,18.5,"2021:10:12 18:01:48"
" Beit Alal",SAN-HAY-03-014-1729,16.1,"2021:10:12 18:01:48"
" Beit Alal",SAN-HAY-03-016-1730,8.55,"2021:10:12 18:01:48"
" Beit Alal",SAN-HAY-03-052-1732,13.15,"2021:10:12 18:01:48"
" Beit Alal",SAN-HAY-03-071-1733,11.4,"2021:10:12 18:01:48"
" Beit Alal",SAN-HAY-03-038-1734,64.95,"2021:10:12 18:01:48"
" Beit Alal",SAN-HAY-03-008-1735,16.25,"2021:10:12 18:01:48"
" Beit Alal",SAN-HAY-03-054-1740,4.3,"2021:10:12 20:18:03"
" Beit Alal",SAN-HAY-03-060-1747,24,"2021:10:13 19:49:38"
" Beit Alal",SAN-HAY-03-034-1748,2.4,"2021:10:13 19:49:38"
" Beit Alal",SAN-HAY-03-026-1749,5.55,"2021:10:13 19:49:38"
" Beit Alal",SAN-HAY-03-048-1750,4.8,"2021:10:13 19:49:38"
" Beit Alal",SAN-HAY-03-018-1752,22.35,"2021:10:13 19:49:38"
" Beit Alal",SAN-HAY-03-014-1753,11.8,"2021:10:13 19:49:38"
" Beit Alal",SAN-HAY-03-038-1754,72.3,"2021:10:13 19:49:38"
" Beit Alal",SAN-HAY-03-088-1755,25.15,"2021:10:13 19:49:39"
" Beit Alal",SAN-HAY-03-043-1756,20.3,"2021:10:13 19:49:39"
" Beit Alal",SAN-HAY-03-017-1757,33.1,"2021:10:14 06:27:18"
" Beit Alal",SAN-HAY-03-091-1758,9.35,"2021:10:14 06:27:18"
" Beit Alal",SAN-HAY-03-056-1759,9.35,"2021:10:14 06:27:18"
" Beit Alal",SAN-HAY-03-037-1760,8.75,"2021:10:14 06:27:18"
" Beit Alal",SAN-HAY-03-015-1761,8,"2021:10:14 06:27:18"
" Beit Alal",SAN-HAY-03-071-1762,8.15,"2021:10:14 06:27:18"
" Beit Alal",SAN-HAY-03-055-1763,4.65,"2021:10:14 06:27:18"
" Beit Alal",SAN-HAY-03-033-1764,6.55,"2021:10:14 06:27:18"
" Beit Alal",SAN-HAY-03-034-1765,2.6,"2021:10:14 06:27:18"
" Beit Alal",SAN-HAY-03-020-1766,2.65,"2021:10:14 06:27:18"
" Beit Alal",SAN-HAY-03-072-1767,8.2,"2021:10:14 06:27:18"
" Beit Alal",SAN-HAY-03-013-1768,6.3,"2021:10:14 06:27:18"
" Beit Alal",SAN-HAY-03-021-1769,6.6,"2021:10:14 06:27:18"
" Beit Alal",SAN-HAY-03-098-1770,4.3,"2021:10:14 06:27:18"
" Beit Alal",SAN-HAY-03-001-1772,44.95,"2021:10:14 06:27:19"
" Beit Alal",SAN-HAY-03-088-1773,22.3,"2021:10:14 06:27:19"
" Beit Alal",SAN-HAY-03-005-1774,107.35,"2021:10:14 06:27:19"
" Beit Alal",SAN-HAY-03-014-1775,97,"2021:10:14 06:27:19"
" Beit Alal",SAN-HAY-03-038-1776,610.35,"2021:10:14 06:27:19"
" Beit Alal",SAN-HAY-03-032-1777,69.6,"2021:10:14 06:27:19"
" Beit Alal",SAN-HAY-03-066-1778,12,"2021:10:14 06:27:19"
" Beit Alal",SAN-HAY-03-060-1779,23.9,"2021:10:14 06:27:19"
" Beit Alal",SAN-HAY-03-117-1780,138.9,"2021:10:14 06:27:19"
" Beit Alal",SAN-HAY-03-009-1781,29.15,"2021:10:14 06:27:19"
" Beit Alal",SAN-HAY-03-028-1782,42,"2021:10:14 06:27:19"
" Beit Alal",SAN-HAY-03-089-1783,24,"2021:10:14 06:27:19"
" Beit Alal",SAN-HAY-03-086-1784,18.45,"2021:10:14 06:27:20"
" Beit Alal",SAN-HAY-03-063-1785,12.2,"2021:10:14 06:27:20"
" Beit Alal",SAN-HAY-03-016-1786,11.35,"2021:10:14 06:27:20"
" Beit Alal",SAN-HAY-03-109-1787,46,"2021:10:14 06:27:20"
" Beit Alal",SAN-HAY-03-613-1788,28.55,"2021:10:14 06:27:20"
" Beit Alal",SAN-HAY-03-016-1793,3.2,"2021:10:14 21:07:48"
" Beit Alal",SAN-HAY-03-051-1794,5.6,"2021:10:14 21:07:48"
" Beit Alal",SAN-HAY-03-052-1795,5.1,"2021:10:14 21:07:48"
" Beit Alal",SAN-HAY-03-036-1796,7.5,"2021:10:14 21:07:48"
" Beit Alal",SAN-HAY-03-037-1797,3.1,"2021:10:14 21:07:48"
" Beit Alal",SAN-HAY-03-029-1798,7.05,"2021:10:14 21:07:48"
" Beit Alal",SAN-HAY-03-117-1800,115.55,"2021:10:14 21:07:48"
" Beit Alal",SAN-HAY-03-060-1801,11.75,"2021:10:14 21:07:48"
" Beit Alal",SAN-HAY-03-032-1802,16.05,"2021:10:14 21:07:48"
" Beit Alal",SAN-HAY-03-038-1803,33.4,"2021:10:16 14:40:22"
" Beit Alal",SAN-HAY-03-022-1804,16.3,"2021:10:16 14:40:22"
" Beit Alal",SAN-HAY-03-014-1805,13.1,"2021:10:16 14:40:22"
" Beit Alal",SAN-HAY-03-013-1806,29.1,"2021:10:16 14:40:22"
" Beit Alal",SAN-HAY-03-117-1807,48.5,"2021:10:16 14:40:22"
" Beit Alal",SAN-HAY-03-032-1808,6.8,"2021:10:16 14:40:22"
" Beit Alal",SAN-HAY-03-098-1809,21.65,"2021:10:16 14:40:22"
" Beit Alal",SAN-HAY-03-054-1810,8.55,"2021:10:16 14:40:22"
" Beit Alal",SAN-HAY-03-015-1811,7.7,"2021:10:16 14:40:22"
" Beit Alal",SAN-HAY-03-098-1813,21.65,"2021:10:16 14:40:22"
" Beit Alal",SAN-HAY-03-038-1814,28.1,"2021:10:17 09:16:51"
" Beit Alal",SAN-HAY-03-032-1815,3.65,"2021:10:17 09:16:51"
" Beit Alal",SAN-HAY-03-032-1816,3.65,"2021:10:17 09:16:51"
" Beit Alal",SAN-HAY-03-033-1817,4.1,"2021:10:17 09:16:51"
" Beit Alal",SAN-HAY-03-036-1818,6,"2021:10:17 09:16:51"
" Beit Alal",SAN-HAY-03-076-1828,6.75,"2021:10:20 22:26:35"
" Beit Alal",SAN-HAY-03-071-1829,7.55,"2021:10:20 22:26:35"
" Beit Alal",SAN-HAY-03-009-1830,6.15,"2021:10:20 22:26:35"
" Beit Alal",SAN-HAY-03-016-1831,1.85,"2021:10:20 22:26:35"
" Beit Alal",SAN-HAY-03-014-1833,15.65,"2021:10:20 22:26:36"
" Beit Alal",SAN-HAY-03-013-1834,14.75,"2021:10:20 22:26:36"
" Beit Alal",SAN-HAY-03-024-2033,4.35,"2021:10:27 14:24:24"
" Beit Alal",SAN-HAY-03-037-2034,4.9,"2021:10:27 14:24:24"
" Beit Alal",SAN-HAY-03-026-2035,4.35,"2021:10:27 14:24:24"
" Beit Alal",SAN-HAY-03-048-2036,7.5,"2021:10:27 14:24:24"
" Beit Alal",SAN-HAY-03-053-2037,3.45,"2021:10:27 14:24:24"
" Beit Alal",SAN-HAY-03-117-2039,28.55,"2021:10:27 14:24:25"
" Beit Alal",SAN-HAY-03-038-2040,110.6,"2021:10:27 14:24:25"
" Beit Alal",SAN-HAY-03-014-2041,11.1,"2021:10:27 14:24:26"
" Beit Alal",SAN-HAY-03-043-2042,18.7,"2021:10:27 14:24:26"
" Beit Alal",SAN-HAY-03-076-2043,11.3,"2021:10:27 14:24:26"
" Beit Alal",SAN-HAY-03-024-2044,4.35,"2021:10:27 14:24:27"
" Beit Alal",SAN-HAY-03-037-2045,4.9,"2021:10:27 14:24:27"
" Beit Alal",SAN-HAY-03-026-2046,4.35,"2021:10:27 14:24:27"
" Beit Alal",SAN-HAY-03-048-2047,7.5,"2021:10:27 14:24:27"
" Beit Alal",SAN-HAY-03-053-2048,3.45,"2021:10:27 14:24:27"
" Beit Alal",SAN-HAY-03-117-2050,28.55,"2021:10:27 14:24:28"
" Beit Alal",SAN-HAY-03-038-2051,110.6,"2021:10:27 14:24:28"
" Beit Alal",SAN-HAY-03-014-2052,11.1,"2021:10:27 14:24:28"
" Beit Alal",SAN-HAY-03-043-2053,18.7,"2021:10:27 14:24:28"
" Beit Alal",SAN-HAY-03-076-2054,11.3,"2021:10:27 14:24:28"
" Beit Alal",SAN-HAY-03-058-2055,2.4,"2021:10:27 14:58:07"
" Beit Alal",SAN-HAY-03-013-2056,8,"2021:10:27 14:58:07"
" Beit Alal",SAN-HAY-03-076-2057,6,"2021:10:27 14:58:07"
" Beit Alal",SAN-HAY-03-011-2058,3.15,"2021:10:27 14:58:07"
" Beit Alal",SAN-HAY-03-015-2059,7.2,"2021:10:27 14:58:07"
" Beit Alal",SAN-HAY-03-098-2060,8.35,"2021:10:27 14:58:07"
" Beit Alal",SAN-HAY-03-038-2062,81,"2021:10:27 14:58:08"
" Beit Alal",SAN-HAY-03-028-2063,10.9,"2021:10:27 14:58:08"
" Beit Alal",SAN-HAY-03-033-2064,10.65,"2021:10:27 14:58:08"
" Beit Alal",SAN-HAY-03-060-2065,18.85,"2021:10:27 14:58:08"
" Beit Alal",SAN-HAY-03-058-2066,2.4,"2021:10:27 14:58:15"
" Beit Alal",SAN-HAY-03-013-2067,8,"2021:10:27 14:58:15"
" Beit Alal",SAN-HAY-03-076-2068,6,"2021:10:27 14:58:15"
" Beit Alal",SAN-HAY-03-011-2069,3.15,"2021:10:27 14:58:15"
" Beit Alal",SAN-HAY-03-015-2070,7.2,"2021:10:27 14:58:15"
" Beit Alal",SAN-HAY-03-098-2071,8.35,"2021:10:27 14:58:15"
" Beit Alal",SAN-HAY-03-038-2073,81,"2021:10:27 14:58:16"
" Beit Alal",SAN-HAY-03-028-2074,10.9,"2021:10:27 14:58:16"
" Beit Alal",SAN-HAY-03-033-2075,10.65,"2021:10:27 14:58:16"
" Beit Alal",SAN-HAY-03-060-2076,18.85,"2021:10:27 14:58:16"
" Beit Alal",SAN-HAY-03-038-2077,30.1,"2021:10:27 15:18:43"
" Beit Alal",SAN-HAY-03-022-2078,18.5,"2021:10:27 15:18:43"
" Beit Alal",SAN-HAY-03-098-2079,11.05,"2021:10:27 15:18:43"
" Beit Alal",SAN-HAY-03-003-2080,8,"2021:10:27 15:18:43"
" Beit Alal",SAN-HAY-03-036-2081,7.35,"2021:10:27 15:18:43"
" Beit Alal",SAN-HAY-03-037-2082,2.5,"2021:10:27 15:18:43"
" Beit Alal",SAN-HAY-03-056-2084,12.05,"2021:10:27 15:18:44"
" Beit Alal",SAN-HAY-03-052-2085,10.6,"2021:10:27 15:39:15"
" Beit Alal",SAN-HAY-03-060-2086,49.4,"2021:10:27 15:39:15"
" Beit Alal",SAN-HAY-03-066-2087,26.6,"2021:10:27 15:39:15"
" Beit Alal",SAN-HAY-03-029-2088,42.65,"2021:10:27 15:39:15"
" Beit Alal",SAN-HAY-09-1713-2089,3,"2021:10:27 15:39:16"
" Beit Alal",SAN-HAY-03-018-2091,11.5,"2021:10:27 15:39:16"
" Beit Alal",SAN-HAY-03-024-2095,6.55,"2021:10:27 16:06:49"
" Beit Alal",SAN-HAY-03-027-2096,4.4,"2021:10:27 16:06:49"
" Beit Alal",SAN-HAY-03-100-2097,6.4,"2021:10:27 16:06:49"
" Beit Alal",SAN-HAY-03-016-2098,5.15,"2021:10:27 16:06:49"
" Beit Alal",SAN-HAY-09-1714-2099,2.9,"2021:10:27 16:06:49"
" Beit Alal",SAN-HAY-03-088-2101,28.55,"2021:10:27 16:06:50"
" Beit Alal",SAN-HAY-03-028-2102,11.5,"2021:10:27 16:06:50"
" Beit Alal",SAN-HAY-03-022-2103,17.75,"2021:10:27 16:06:50"
" Beit Alal",SAN-HAY-03-071-2104,16.7,"2021:10:27 16:06:50"
" Beit Alal",SAN-HAY-03-038-2105,13.35,"2021:10:27 16:06:50"
" Beit Alal",SAN-HAY-03-015-2106,20.2,"2021:10:27 16:06:50"
" Beit Alal",SAN-HAY-03-089-2107,25.3,"2021:10:27 16:06:50"
" Beit Alal",SAN-HAY-03-035-2108,8.7,"2021:10:27 16:36:28"
" Beit Alal",SAN-HAY-03-017-2109,5.65,"2021:10:27 16:36:28"
" Beit Alal",SAN-HAY-03-084-2110,9.5,"2021:10:27 16:36:28"
" Beit Alal",SAN-HAY-03-038-2111,9.75,"2021:10:27 16:36:28"
" Beit Alal",SAN-HAY-03-020-2112,8.1,"2021:10:27 16:36:28"
" Beit Alal",SAN-HAY-03-089-2114,18.9,"2021:10:27 16:36:29"
" Beit Alal",SAN-HAY-03-065-2115,15.1,"2021:10:27 16:36:29"
" Beit Alal",SAN-HAY-03-013-2116,21.65,"2021:10:27 16:36:30"
" Beit Alal",SAN-HAY-03-016-2117,19.25,"2021:10:27 16:36:30"
" Beit Alal",SAN-HAY-03-053-2118,13,"2021:10:27 16:36:30"
" Beit Alal",SAN-HAY-03-084-2130,10.25,"2021:10:27 23:51:56"
" Beit Alal",SAN-HAY-03-009-2131,21.85,"2021:10:27 23:51:56"
" Beit Alal",SAN-HAY-03-034-2132,2.7,"2021:10:27 23:51:56"
" Beit Alal",SAN-HAY-03-011-2133,5.5,"2021:10:27 23:51:56"
" Beit Alal",SAN-HAY-03-055-2134,8.9,"2021:10:27 23:51:56"
" Beit Alal",SAN-HAY-03-037-2135,5,"2021:10:27 23:51:56"
" Beit Alal",SAN-HAY-03-016-2137,20,"2021:10:27 23:51:57"
" Beit Alal",SAN-HAY-03-001-2138,18.6,"2021:10:27 23:51:57"
" Beit Alal",SAN-HAY-03-089-2139,37,"2021:10:27 23:51:57"
" Beit Alal",SAN-HAY-03-035-2140,10.05,"2021:10:27 23:51:57"
" Beit Alal",SAN-HAY-03-054-2182,12.35,"2021:10:31 21:12:57"
" Beit Alal",SAN-HAY-03-009-2183,28.7,"2021:10:31 21:12:57"
" Beit Alal",SAN-HAY-03-016-2184,7.85,"2021:10:31 21:12:57"
" Beit Alal",SAN-HAY-03-072-2185,5.8,"2021:10:31 21:12:57"
" Beit Alal",SAN-HAY-03-021-2186,6.8,"2021:10:31 21:12:57"
" Beit Alal",SAN-HAY-03-015-2188,14.85,"2021:10:31 21:12:57"
" Beit Alal",SAN-HAY-03-014-2189,32.7,"2021:10:31 21:12:57"
" Beit Alal",SAN-HAY-03-032-2190,21.4,"2021:10:31 21:12:57"
" Beit Alal",SAN-HAY-03-117-2191,47.2,"2021:10:31 21:12:58"
" Beit Alal",SAN-HAY-03-005-2192,81.05,"2021:10:31 21:12:58"
" Beit Alal",SAN-HAY-03-029-2193,24.15,"2021:10:31 21:12:58"
" Beit Alal",SAN-HAY-03-056-2221,21.8,"2021:11:01 20:34:59"
" Beit Alal",SAN-HAY-03-037-2222,3.4,"2021:11:01 20:34:59"
" Beit Alal",SAN-HAY-03-028-2223,8.9,"2021:11:01 20:34:59"
" Beit Alal",SAN-HAY-03-008-2225,20,"2021:11:01 20:35:00"
" Beit Alal",SAN-HAY-03-026-2226,22.6,"2021:11:01 20:35:00"
" Beit Alal",SAN-HAY-03-117-2227,11.4,"2021:11:01 20:35:00"
" Beit Alal",SAN-HAY-03-014-2228,20.25,"2021:11:01 20:35:00"
" Beit Alal",SAN-HAY-03-091-2262,12.55,"2021:11:02 14:21:28"
" Beit Alal",SAN-HAY-03-048-2263,11.85,"2021:11:02 14:21:28"
" Beit Alal",SAN-HAY-03-009-2264,11.8,"2021:11:02 14:47:41"
" Beit Alal",SAN-HAY-03-084-2265,6.3,"2021:11:02 14:47:41"
" Beit Alal",SAN-HAY-03-042-2266,8.4,"2021:11:02 14:47:41"
" Beit Alal",SAN-HAY-03-011-2267,6.3,"2021:11:02 14:47:41"
" Beit Alal",SAN-HAY-03-086-2269,25.75,"2021:11:02 14:47:41"
" Beit Alal",SAN-HAY-03-033-2270,19,"2021:11:02 14:47:41"
" Beit Alal",SAN-HAY-03-014-2271,29.05,"2021:11:02 14:47:42"
" Beit Alal",SAN-HAY-03-028-2272,16,"2021:11:02 14:47:42"
" Beit Alal",SAN-HAY-03-029-2273,49.55,"2021:11:02 14:47:42"
" Beit Alal",SAN-HAY-03-100-2274,34,"2021:11:02 14:47:42"
" Beit Alal",SAN-HAY-09-1761-2286,25,"2021:11:04 05:28:10"
" Beit Alal",SAN-HAY-03-076-2287,10.55,"2021:11:04 05:28:11"
" Beit Alal",SAN-HAY-03-042-2288,6.2,"2021:11:04 05:28:11"
" Beit Alal",SAN-HAY-03-016-2289,2.9,"2021:11:04 05:28:11"
" Beit Alal",SAN-HAY-03-060-2291,54.65,"2021:11:04 05:28:11"
" Beit Alal",SAN-HAY-03-071-2292,24.65,"2021:11:04 05:28:11"
" Beit Alal",SAN-HAY-03-017-2293,35.45,"2021:11:04 05:28:11"
" Beit Alal",SAN-HAY-03-029-2294,24.65,"2021:11:04 05:28:11"
" Beit Alal",SAN-HAY-03-035-2295,11.7,"2021:11:04 05:28:11"
" Beit Alal",SAN-HAY-03-089-2296,17.1,"2021:11:04 05:28:12"
" Beit Alal",SAN-HAY-03-038-2297,41.35,"2021:11:04 05:28:12"
" Thafer",SAN-HAY-11-396-1736,11.2,"2021:10:12 19:11:45"
" Thafer",SAN-HAY-03-007-1737,14.3,"2021:10:12 19:11:45"
" Thafer",SAN-HAY-03-006-1738,8.65,"2021:10:12 19:11:45"
" Thafer",SAN-HAY-03-006-1820,15.35,"2021:10:17 20:53:04"
" Thafer",SAN-HAY-03-119-1821,30.3,"2021:10:17 20:53:04"
" Thafer",SAN-HAY-03-007-1823,52.85,"2021:10:17 20:53:04"
" Thafer",SAN-HAY-51-1694-2003,26.9,"2021:10:25 17:08:21"
" Thafer",SAN-HAY-51-1695-2004,6,"2021:10:25 17:44:57"
" Thafer",SAN-HAY-51-1696-2005,6.15,"2021:10:25 17:44:57"
" Thafer",SAN-HAY-51-1697-2007,26.85,"2021:10:25 17:44:57"
" Thafer",SAN-HAY-51-1694-2008,12.45,"2021:10:25 17:44:57"
" Thafer",SAN-HAY-51-1693-2025,50,"2021:10:26 08:49:57"
" Thafer",SAN-HAY-51-1598-2026,8.4,"2021:10:26 08:49:57"
" Thafer",SAN-HAY-51-1710-2027,5.3,"2021:10:26 08:49:57"
" Thafer",SAN-HAY-51-1711-2029,20.8,"2021:10:26 08:49:57"
" Thafer",SAN-HAY-51-1715-2119,34.6,"2021:10:27 18:47:24"
" Thafer",SAN-HAY-51-1695-2120,7.1,"2021:10:27 18:47:24"
" Thafer",SAN-HAY-51-1716-2122,11.55,"2021:10:27 18:47:24"
" Thafer",SAN-HAY-51-1693-2123,18.7,"2021:10:27 21:09:23"
" Thafer",SAN-HAY-51-1717-2124,4.9,"2021:10:27 21:09:23"
" Thafer",SAN-HAY-50-1705-2125,7.6,"2021:10:27 21:09:23"
" Thafer",SAN-HAY-51-1718-2126,6.5,"2021:10:27 21:09:23"
" Thafer",SAN-HAY-51-1715-2128,12.5,"2021:10:27 21:09:24"
" Thafer",SAN-HAY-51-1719-2129,22.6,"2021:10:27 21:09:24"
" Thafer",SAN-HAY-51-1719-2142,32.3,"2021:10:29 20:09:48"
" Thafer",SAN-HAY-51-1601-2143,18.1,"2021:10:29 20:09:48"
" Thafer",SAN-HAY-51-1697-2144,4.9,"2021:10:29 20:09:48"
" Thafer",SAN-HAY-51-1716-2145,6.5,"2021:10:29 20:09:48"
" Thafer",SAN-HAY-51-1719-2147,32.3,"2021:10:29 20:10:08"
" Thafer",SAN-HAY-51-1601-2148,18.1,"2021:10:29 20:10:09"
" Thafer",SAN-HAY-51-1697-2149,4.9,"2021:10:29 20:10:09"
" Thafer",SAN-HAY-51-1716-2150,6.5,"2021:10:29 20:10:09"
" Thafer",SAN-HAY-51-1754-2172,6.2,"2021:10:31 07:48:47"
" Thafer",SAN-HAY-50-1707-2173,4.3,"2021:10:31 07:48:47"
" Thafer",SAN-HAY-51-1755-2174,2.4,"2021:10:31 07:48:47"
" Thafer",SAN-HAY-50-1700-2175,2.6,"2021:10:31 07:48:47"
" Thafer",SAN-HAY-51-1697-2176,9,"2021:10:31 07:48:47"
" Thafer",SAN-HAY-51-1694-2178,11,"2021:10:31 07:48:48"
" Thafer",SAN-HAY-51-1739-2179,22.8,"2021:10:31 07:48:48"
" Thafer",SAN-HAY-51-1756-2180,11,"2021:10:31 07:48:48"
" Thafer",SAN-HAY-51-1757-2194,5.15,"2021:10:31 21:47:56"
" Thafer",SAN-HAY-50-1705-2195,9.3,"2021:10:31 21:47:56"
" Thafer",SAN-HAY-51-1755-2196,4.5,"2021:10:31 21:47:56"
" Thafer",SAN-HAY-51-1759-2197,5.15,"2021:10:31 21:47:56"
" Thafer",SAN-HAY-51-1694-2198,3.5,"2021:10:31 21:47:56"
" Thafer",SAN-HAY-51-1758-2200,12.6,"2021:10:31 21:47:56"
" Thafer",SAN-HAY-51-1759-2229,11,"2021:11:01 21:39:14"
" Thafer",SAN-HAY-51-1694-2230,15.5,"2021:11:01 21:39:14"
" Thafer",SAN-HAY-51-1792-2231,6.7,"2021:11:01 21:39:14"
" Thafer",SAN-HAY-51-1755-2232,1.4,"2021:11:01 21:39:14"
" Thafer",SAN-HAY-51-1793-2233,4,"2021:11:01 21:39:14"
" Thafer",SAN-HAY-51-1797-2276,30.5,"2021:11:02 19:57:29"
" Thafer",SAN-HAY-51-1798-2277,4,"2021:11:02 22:39:25"
" Thafer",SAN-HAY-51-1799-2278,6.7,"2021:11:02 22:39:25"
" Thafer",SAN-HAY-51-1695-2279,5.8,"2021:11:02 22:39:25"
" Thafer",SAN-HAY-51-1759-2280,8.8,"2021:11:02 22:39:25"
" Thafer",SAN-HAY-51-1801-2282,24.9,"2021:11:02 22:39:25"
" Thafer",SAN-HAY-51-1802-2283,21.9,"2021:11:02 22:39:25"
" Yassin",SAN-HAY-03-258-1742,53.8,"2021:10:13 10:01:37"
" Yassin",SAN-HAY-11-396-1743,39.6,"2021:10:13 10:01:37"
" Yassin",SAN-HAD-13-611-1744,13.7,"2021:10:13 10:01:37"
" Yassin",SAN-HAD-13-612-1745,4.3,"2021:10:13 10:01:37"
" buyer",SAN-HAD-13-614-1789,53.8,"2021:10:14 10:56:15"
" buyer",SAN-HAD-13-615-1790,39.6,"2021:10:14 10:56:15"
" buyer",SAN-HAD-13-616-1791,4.3,"2021:10:14 10:56:15"
" buyer",SAN-HAY-09-1761-2201,50,"2021:11:01 09:23:37"
" buyer",SAN-HAY-51-1756-2202,30,"2021:11:01 09:23:37"
" buyer",SAN-HAY-51-1793-2251,40,"2021:11:02 06:32:12"
" buyer",SAN-HAY-51-1792-2252,45,"2021:11:02 06:32:12"
" buyer",SAN-HAY-51-1791-2253,30,"2021:11:02 06:32:12"
" buyer",SAN-HAR-133-1790-2256,80,"2021:11:02 08:41:14"
" buyer",SAN-HAR-02-1789-2257,60,"2021:11:02 08:41:14"
" buyer",SAN-HAR-02-1788-2258,8,"2021:11:02 08:41:14"
" buyer",SAN-HAR-02-1787-2259,9,"2021:11:02 08:41:14"
" Alamari",IBB-QAF-03-007-1825,21.2,"2021:10:20 15:14:46"
" Alamari",IBB-QAF-03-075-1826,51.6,"2021:10:20 15:14:46"
" Alamari",IBB-QAF-14-025-1827,42.8,"2021:10:20 15:14:46"
" Alamari",IBB-QAF-03-007-2092,22.3,"2021:10:27 16:01:54"
" Alamari",IBB-QAF-03-075-2093,43.4,"2021:10:27 16:01:54"
" Alamari",IBB-QAF-14-025-2094,92.6,"2021:10:27 16:01:55"
" Kulaib",SAN-HAY-50-1698-2009,25.9,"2021:10:26 08:08:29"
" Kulaib",SAN-HAY-50-1699-2010,8.75,"2021:10:26 08:08:29"
" Kulaib",SAN-HAY-50-1700-2011,6.65,"2021:10:26 08:08:29"
" Kulaib",SAN-HAY-50-1701-2012,7.7,"2021:10:26 08:08:29"
" Kulaib",SAN-HAY-50-1703-2013,4.1,"2021:10:26 08:08:29"
" Kulaib",SAN-HAY-50-1704-2014,2.9,"2021:10:26 08:08:29"
" Kulaib",SAN-HAY-50-1706-2015,9.1,"2021:10:26 08:08:29"
" Kulaib",SAN-HAY-50-1707-2016,7.4,"2021:10:26 08:08:29"
" Kulaib",SAN-HAY-03-105-2017,8.4,"2021:10:26 08:08:29"
" Kulaib",SAN-HAY-50-1708-2019,47.6,"2021:10:26 08:08:29"
" Kulaib",SAN-HAY-50-1702-2020,20.3,"2021:10:26 08:08:30"
" Kulaib",SAN-HAY-09-436-2021,5.3,"2021:10:26 08:08:30"
" Kulaib",SAN-HAY-50-1709-2023,5.5,"2021:10:26 08:35:34"
" Kulaib",SAN-HAY-50-1708-2141,30.1,"2021:10:29 06:59:40"
" Kulaib",SAN-HAY-50-1708-2152,20.5,"2021:10:30 06:06:17"
" Kulaib",SAN-HAY-50-1708-2181,38.9,"2021:10:31 20:40:23"
" Kulaib",SAN-HAY-50-1708-2275,11.3,"2021:11:02 17:15:15"
" Shaker - HAD",SAN-HAD-20-019-2153,4.14,"2021:10:30 07:55:24"
" Shaker - HAD",SAN-HAD-12-1737-2154,17.85,"2021:10:30 07:55:24"
" Shaker - HAD",SAN-HAD-12-1740-2155,8.87,"2021:10:30 07:55:24"
" Shaker - HAD",SAN-HAD-16-1725-2156,2.6,"2021:10:30 07:55:24"
" Shaker - HAD",SAN-HAD-20-064-2157,4.29,"2021:10:30 07:55:24"
" Shaker - HAD",SAN-HAD-20-067-2158,2.96,"2021:10:30 07:55:24"
" Shaker - HAD",SAN-HAD-20-037-2159,1.47,"2021:10:30 07:55:24"
" Shaker - HAD",SAN-HAD-11-001-2160,2.92,"2021:10:30 07:55:24"
" Shaker - HAD",SAN-HAD-20-001-2161,6.33,"2021:10:30 07:55:24"
" Shaker - HAD",SAN-HAD-25-1720-2162,3.24,"2021:10:30 07:55:24"
" Shaker - HAD",SAN-HAD-16-1726-2163,8,"2021:10:30 07:55:24"
" Shaker - HAD",SAN-HAD-16-1738-2164,3.46,"2021:10:30 07:55:24"
" Shaker - HAD",SAN-HAD-16-1721-2165,1.47,"2021:10:30 07:55:24"
" Shaker - HAD",SAN-HAD-16-1724-2166,2.8,"2021:10:30 07:55:24"
" Shaker - HAD",SAN-HAD-16-1722-2167,2.2,"2021:10:30 07:55:24"
" Shaker - HAD",SAN-HAD-03-067-2169,13.88,"2021:10:30 07:55:25"
" Shaker - Bait Almajher",SAN-HAY-52-1741-2170,20.4,"2021:10:30 11:12:32"
" Shaker - Bait Almajher",SAN-HAY-52-1741-2171,40.05,"2021:10:30 11:23:06"
" Shaker - Bait Almajher",SAN-HAY-52-1744-2203,12,"2021:11:01 10:15:53"
" Shaker - Bait Almajher",SAN-HAY-52-1742-2204,3,"2021:11:01 10:15:53"
" Shaker - Bait Almajher",SAN-HAY-52-1741-2206,33.5,"2021:11:01 10:15:53"
" Shaker - Bait Almajher",SAN-HAY-52-1743-2207,14.4,"2021:11:01 10:15:53"
" Al Mamari",SAN-HAR-02-1769-2208,47.35,"2021:11:01 13:14:51"
" Al Mamari",SAN-HAR-02-1770-2209,17.8,"2021:11:01 13:14:51"
" Al Mamari",SAN-HAR-02-1771-2210,24.45,"2021:11:01 13:14:51"
" Al Mamari",SAN-HAR-02-1772-2211,26.45,"2021:11:01 13:14:51"
" Al Mamari",SAN-HAR-02-1773-2212,23.5,"2021:11:01 13:14:51"
" Al Mamari",SAN-HAR-02-1774-2213,8,"2021:11:01 13:14:51"
" Al Mamari",SAN-HAR-02-1777-2214,9.9,"2021:11:01 13:14:51"
" Al Mamari",SAN-HAR-02-1775-2216,14.25,"2021:11:01 13:14:52"
" Al Mamari",SAN-HAR-02-1776-2217,10.95,"2021:11:01 13:14:52"
" Al Mamari",SAN-HAR-29-1778-2218,49.65,"2021:11:01 13:38:49"
" Al Mamari",SAN-HAR-29-1779-2219,12.45,"2021:11:01 13:38:49"
" Al Mamari",SAN-HAR-29-1780-2220,70.35,"2021:11:01 13:38:49"
" Al Mamari",SAN-HAR-02-1781-2235,48.6,"2021:11:02 05:09:48"
" Al Mamari",SAN-HAR-02-1782-2236,51.5,"2021:11:02 05:09:48"
" Al Mamari",SAN-HAR-02-1772-2237,11.1,"2021:11:02 05:09:48"
" Al Mamari",SAN-HAR-02-1783-2238,34.4,"2021:11:02 05:09:48"
" Al Mamari",SAN-HAR-02-1784-2239,31.4,"2021:11:02 05:09:48"
" Al Mamari",SAN-HAR-SAN-HAR-58-1785-2240,39.1,"2021:11:02 05:09:49"
" Al Mamari",SAN-HAR-02-1777-2241,6.5,"2021:11:02 05:09:49"
" Al Mamari",SAN-HAR-02-1787-2242,3.3,"2021:11:02 05:09:49"
" Al Mamari",SAN-HAR-02-1788-2243,4.5,"2021:11:02 05:09:49"
" Al Mamari",SAN-HAR-02-1770-2244,7.9,"2021:11:02 05:09:49"
" Al Mamari",SAN-HAR-SAN-HAR-58-1786-2246,88.5,"2021:11:02 05:09:49"
" Al Mamari",SAN-HAR-02-1789-2247,19.85,"2021:11:02 05:09:49"
" Al Mamari",SAN-HAR-02-1773-2248,16.4,"2021:11:02 05:09:50"
" Al Mamari",SAN-HAR-133-1790-2249,47.95,"2021:11:02 05:09:50"
" Al Mamari",SAN-HAR-02-1769-2250,23.4,"2021:11:02 05:09:50"
" Al Mamari",SAN-HAR-02-1794-2254,22.8,"2021:11:02 08:31:06"
" Al Mamari",SAN-HAR-133-1795-2255,64.85,"2021:11:02 08:31:06"
" Messar",SAN-HAR-13-1796-2261,13.8,"2021:11:02 14:19:26"
" Messar",SAN-HAR-SAN-HAR-28-1803-2284,4.1,"2021:11:03 05:41:47"
" Messar",SAN-HAR-15-522-2298,39.4,"2021:11:04 08:42:50"
